{
  "True Positive": 144,
  "True Negative": 12777835,
  "False Positive": 18285,
  "False Negative": 536,
  "Accuracy": 0.9985292416854213,
  "Precision": 0.007813771772749471,
  "Recall/Sensitivity": 0.21176470588235294,
  "Specificity": 0.9985710512249025,
  "AUC ROC": 0.6051678785536276,
  "IoU": 0.007592934352755075,
  "F1": {
    "both_sides": {
      "score": 0.03678070001977457,
      "threshold": 0.015853744000196457
    },
    "nightside": {
      "score": 0.043509789702683106,
      "threshold": 0.028860434889793396
    },
    "dayside": {
      "score": 0.0070243096205495495,
      "threshold": 0.0030214693397283554
    }
  },
  "F2": {
    "both_sides": {
      "score": 0.06552064252501057,
      "threshold": 0.015853744000196457
    },
    "nightside": {
      "score": 0.08815165876777252,
      "threshold": 0.015853744000196457
    },
    "dayside": {
      "score": 0.016064004031750033,
      "threshold": 0.0030214693397283554
    }
  }
}