{
  "True Positive": 150,
  "True Negative": 12787127,
  "False Positive": 8993,
  "False Negative": 530,
  "Accuracy": 0.9992558295823956,
  "Precision": 0.016405993656349118,
  "Recall/Sensitivity": 0.22058823529411764,
  "Specificity": 0.99929720884143,
  "AUC ROC": 0.6099427220677739,
  "IoU": 0.015507081567249044,
  "F1": {
    "both_sides": {
      "score": 0.048843187660668384,
      "threshold": 0.02591882459819317
    },
    "nightside": {
      "score": 0.0619047619047619,
      "threshold": 0.05338722839951515
    },
    "dayside": {
      "score": 0.022492970946579198,
      "threshold": 0.0190413948148489
    }
  },
  "F2": {
    "both_sides": {
      "score": 0.07829373650107993,
      "threshold": 0.01966806873679161
    },
    "nightside": {
      "score": 0.11388119421360418,
      "threshold": 0.02591882459819317
    },
    "dayside": {
      "score": 0.04411423264453216,
      "threshold": 0.01139348279684782
    }
  }
}