{
  "args": {
    "indir": "sample/data",
    "outdir": "sample/results",
    "file_fraction": 1.0,
    "data_splits": [
      0.6,
      0.2,
      0.2
    ],
    "epochs": 5,
    "batch_size": 1,
    "learning_rate": 1e-05,
    "num_classes": 1,
    "height": 344,
    "width": 620,
    "normalize": true,
    "standardize": false,
    "gpus": [
      "0",
      "1"
    ],
    "velocity": false,
    "rho": false,
    "anisotropy": false,
    "agyrotropy": false
  },
  "features": [
    "Bx",
    "By",
    "Bz",
    "Ex",
    "Ey",
    "Ez"
  ],
  "train_losses": [
    0.000738722540551825,
    0.0007387144084452509,
    0.0007387064989183291,
    0.0007386987642754194,
    0.0007386911234339346
  ],
  "val_losses": [
    0.0007387049647085844,
    0.0007386877227348219,
    0.000738670910021817,
    0.0007386543119391909,
    0.0007386378569434839
  ],
  "test_loss": 0.0006818251956788025,
  "last_epoch": 5,
  "best_epoch": 5,
  "lr_history": {
    "0": 1e-05
  },
  "train_files": [
    "sample/data/3604.npz",
    "sample/data/3603.npz",
    "sample/data/3602.npz"
  ],
  "val_files": [
    "sample/data/3601.npz"
  ],
  "test_files": [
    "sample/data/3600.npz"
  ]
}