{
  "args": {
    "indir": "sample/data",
    "outdir": "sample/results",
    "file_fraction": 1.0,
    "data_splits": [
      0.6,
      0.2,
      0.2
    ],
    "epochs": 5,
    "batch_size": 1,
    "learning_rate": 1e-05,
    "num_classes": 1,
    "height": 344,
    "width": 620,
    "normalize": true,
    "standardize": false,
    "gpus": null,
    "num_workers": 0,
    "velocity": false,
    "rho": false,
    "anisotropy": false,
    "agyrotropy": false
  },
  "features": [
    "Bx",
    "By",
    "Bz",
    "Ex",
    "Ey",
    "Ez"
  ],
  "train_losses": [
    0.6836782693862915,
    0.6822795867919922,
    0.680860698223114,
    0.6794151465098063,
    0.6779362559318542
  ],
  "val_losses": [
    0.6827474236488342,
    0.6813356876373291,
    0.6799007058143616,
    0.6784332394599915,
    0.6769296526908875
  ],
  "test_loss": 0.6769365668296814,
  "last_epoch": 5,
  "best_epoch": 5,
  "lr_history": {
    "0": 1e-05
  },
  "train_files": [
    "sample/data/3602.npz",
    "sample/data/3604.npz",
    "sample/data/3600.npz"
  ],
  "val_files": [
    "sample/data/3601.npz"
  ],
  "test_files": [
    "sample/data/3603.npz"
  ]
}