{
  "True Positive": 2,
  "True Negative": 0,
  "False Positive": 213278,
  "False Negative": 0,
  "Accuracy": 9.377344336084021e-06,
  "Precision": 9.377344336084021e-06,
  "Recall/Sensitivity": 1.0,
  "Specificity": 0.0,
  "AUC ROC": 0.5,
  "IoU": 9.377344336084021e-06,
  "F1": {
    "both_sides": {
      "score": 1.9810414334815814e-05,
      "threshold": 2.366762970668768e-29
    },
    "nightside": {
      "score": 2.7231261488188437e-05,
      "threshold": 0.0
    },
    "dayside": {
      "score": 0.0,
      "threshold": 0.0
    }
  },
  "F2": {
    "both_sides": {
      "score": 4.952309261808782e-05,
      "threshold": 2.366762970668768e-29
    },
    "nightside": {
      "score": 6.807537305304434e-05,
      "threshold": 0.0
    },
    "dayside": {
      "score": 0.0,
      "threshold": 0.0
    }
  }
}